{"cameraMode":{"drawMode":0,"name":"Shaded","section":"Shading Mode"},"sceneLighting":true,"audioPlay":false,"sceneViewState":{"m_AlwaysRefresh":false,"showFog":false,"showSkybox":true,"showFlares":true,"showImageEffects":true,"showParticleSystems":true,"showVisualEffectGraphs":true,"m_FxEnabled":true},"in2DMode":false,"pivot":{"x":-53.148616790771487,"y":26.503070831298829,"z":-49.611629486083987},"rotation":{"x":0.42091405391693118,"y":-0.3753184676170349,"z":0.19701816141605378,"w":0.8020527362823486},"size":23.431888580322267,"orthographic":false}