{"cameraMode":{"drawMode":0,"name":"Shaded","section":"Shading Mode"},"sceneLighting":true,"audioPlay":false,"sceneViewState":{"m_AlwaysRefresh":false,"showFog":false,"showSkybox":true,"showFlares":true,"showImageEffects":true,"showParticleSystems":true,"showVisualEffectGraphs":true,"m_FxEnabled":true},"in2DMode":false,"pivot":{"x":-70.31309509277344,"y":-75.49884033203125,"z":65.5223388671875},"rotation":{"x":0.31141114234924319,"y":-0.028209665790200235,"z":0.009267271496355534,"w":0.9498606324195862},"size":126.68191528320313,"orthographic":false}