{"cameraMode":{"drawMode":0,"name":"Shaded","section":"Shading Mode"},"sceneLighting":true,"audioPlay":false,"sceneViewState":{"m_AlwaysRefresh":false,"showFog":false,"showSkybox":true,"showFlares":true,"showImageEffects":true,"showParticleSystems":true,"showVisualEffectGraphs":true,"m_FxEnabled":true},"in2DMode":false,"pivot":{"x":-35.129886627197269,"y":12.972991943359375,"z":159.6905517578125},"rotation":{"x":0.17339801788330079,"y":-0.02189309522509575,"z":0.00371427065692842,"w":0.984679102897644},"size":226.73138427734376,"orthographic":false}